{"DARCNET": {"thresholds": [1.25, 1.5, 1.75, 2.0, 2.25, 2.5, 2.75, 3.0, 3.25, 3.5, 3.75], "fp_rates": [0.0001651053126220265, 0.00010544156286674704, 7.095561032277478e-05, 4.486225684923825e-05, 2.9602985812082382e-05, 1.8768903375701715e-05, 1.2970380381582487e-05, 8.545191780807286e-06, 5.340744863004554e-06, 3.967410469660526e-06, 2.7466687866880563e-06], "tp_rates": [0.8599033816425121, 0.8357487922705314, 0.8067632850241546, 0.7874396135265701, 0.7729468599033816, 0.7632850241545893, 0.7536231884057971, 0.7536231884057971, 0.7053140096618358, 0.6280193236714976, 0.5120772946859904], "precisions": [0.14126984126984127, 0.20023148148148148, 0.26424050632911394, 0.35667396061269147, 0.4519774011299435, 0.5622775800711743, 0.6473029045643154, 0.7358490566037735, 0.8066298342541437, 0.8333333333333334, 0.8548387096774194], "recalls": [0.8599033816425121, 0.8357487922705314, 0.8067632850241546, 0.7874396135265701, 0.7729468599033816, 0.7632850241545893, 0.7536231884057971, 0.7536231884057971, 0.7053140096618358, 0.6280193236714976, 0.5120772946859904]}, "CA-CFAR": {"thresholds": [4.0, 4.25, 4.5, 4.75, 5.0, 5.25, 5.5, 5.75, 6.0, 6.25, 6.5], "fp_rates": [0.0008601651083644762, 0.0006614893994607068, 0.0005220196621811022, 0.00041596772847286894, 0.00033509359197594283, 0.0002700890973576588, 0.00021805498312095733, 0.00017426087524432, 0.00014038529354183397, 0.00011230823483346719, 9.369192416813702e-05], "tp_rates": [0.8454106280193237, 0.8357487922705314, 0.8067632850241546, 0.7632850241545893, 0.7246376811594203, 0.6811594202898551, 0.6763285024154589, 0.6473429951690821, 0.6038647342995169, 0.5845410628019324, 0.5555555555555556], "precisions": [0.030110116999311768, 0.03837622005323869, 0.046544035674470456, 0.054785020804438284, 0.0639386189258312, 0.07378335949764521, 0.08922880815806246, 0.10501567398119123, 0.11961722488038277, 0.1411901983663944, 0.15775034293552812], "recalls": [0.8454106280193237, 0.8357487922705314, 0.8067632850241546, 0.7632850241545893, 0.7246376811594203, 0.6811594202898551, 0.6763285024154589, 0.6473429951690821, 0.6038647342995169, 0.5845410628019324, 0.5555555555555556]}, "DARCNET + TABASCO": {"thresholds": [1.25, 1.5, 1.75, 2.0, 2.25, 2.5, 2.75, 3.0, 3.25], "fp_rates": [8.27052490213848e-05, 4.4099293297380454e-05, 2.7314095156509e-05, 1.3580751223068722e-05, 9.15556262229352e-06, 5.4933375733761125e-06, 4.272595890403643e-06, 4.120003180032084e-06, 2.899261497059615e-06], "tp_rates": [0.855072463768116, 0.8309178743961353, 0.8067632850241546, 0.7874396135265701, 0.7729468599033816, 0.7632850241545893, 0.748792270531401, 0.748792270531401, 0.6135265700483091], "precisions": [0.24617524339360222, 0.37310195227765725, 0.48265895953757226, 0.6468253968253969, 0.7272727272727273, 0.8144329896907216, 0.8469945355191257, 0.8516483516483516, 0.8698630136986302], "recalls": [0.855072463768116, 0.8309178743961353, 0.8067632850241546, 0.7874396135265701, 0.7729468599033816, 0.7632850241545893, 0.748792270531401, 0.748792270531401, 0.6135265700483091]}, "CA-CFAR + TABASCO": {"thresholds": [3.5, 3.75, 4.0, 4.25, 4.5, 4.75, 5.0, 5.25], "fp_rates": [0.00035126841927532806, 0.00022476906237730592, 0.00017883865655546677, 0.00013946973727960464, 8.560451051844442e-05, 7.400746453020595e-05, 4.470966413886669e-05, 2.5025204500935624e-05], "tp_rates": [0.8454106280193237, 0.8067632850241546, 0.7729468599033816, 0.7632850241545893, 0.7294685990338164, 0.6231884057971014, 0.5845410628019324, 0.5169082125603864], "precisions": [0.07064997981429148, 0.10182926829268292, 0.12012012012012012, 0.14738805970149255, 0.21207865168539325, 0.21009771986970685, 0.2922705314009662, 0.3948339483394834], "recalls": [0.8454106280193237, 0.8067632850241546, 0.7729468599033816, 0.7632850241545893, 0.7294685990338164, 0.6231884057971014, 0.5845410628019324, 0.5169082125603864]}}